﻿<?xml version="1.0" encoding="utf-8" ?>
<Defs>

    <DesignationCategoryDef>
        <defName>Planning</defName>
        <label>Planning</label>
        <description>More options for planning.</description>
        <order>0</order>
        <specialDesignatorClasses>
            <li>MorePlanning.Designators.VisibilityCommand</li>
            <li>MorePlanning.Designators.OpacityCommand</li>
			<li>MorePlanning.Designators.ImportCommand</li>
			<li>MorePlanning.Designators.ExportCommand</li>
            <li>MorePlanning.Designators.CutDesignator</li>
            <li>MorePlanning.Designators.CopyDesignator</li>
            <li>MorePlanning.Designators.PasteDesignator</li>
            <li>MorePlanning.Designators.AddDesignator</li>
            <li>MorePlanning.Designators.RemoveDesignator</li>
        </specialDesignatorClasses>
    </DesignationCategoryDef>

</Defs>
