<?xml version="1.0" encoding="utf-8"?>
<ModMetaData>
    <name>More Planning [1.5]</name>
    <author>Alan Dariva, Usagirei</author>
    <supportedVersions>
		<li>1.3</li>
		<li>1.4</li>
		<li>1.5</li>
    </supportedVersions>
    <url>https://ludeon.com/forums/index.php?topic=31045.0</url>
    <description>
        This mod creates a new option in the "Architect" menu, called "Planning", with more options for planning.

        Features:
        - 10 customizable planning designations;
        - Show/hide planning designations;
        - Control planning opacity;
        - Cut/copy/paste planning designations;
        - An option for control if planning designations should be removed when something is built or deconstructed on top of it.
        - Holding shift you can override others planning designations.

        &lt;color=green&gt;This mod uses HugsLib and Harmony.&lt;/color&gt;

        Contributors:
        - 53N4 - Spanish translation
        - Dango998 - Chinese Simplified translation
        - alextd - Option to reverse shift key usage
    </description>
	<packageId>com.github.alandariva.moreplanning</packageId>
    <modDependencies>
        <li>
            <packageId>brrainz.harmony</packageId>
            <displayName>Harmony</displayName>
            <steamWorkshopUrl>steam://url/CommunityFilePage/2009463077</steamWorkshopUrl>
            <downloadUrl>https://github.com/pardeike/HarmonyRimWorld/releases/latest</downloadUrl>
        </li>
        <li>
            <packageId>UnlimitedHugs.HugsLib</packageId>
            <displayName>HugsLib</displayName>
            <downloadUrl>https://github.com/UnlimitedHugs/RimworldHugsLib/releases/latest</downloadUrl>
            <steamWorkshopUrl>steam://url/CommunityFilePage/818773962</steamWorkshopUrl>
        </li>
    </modDependencies>
    <loadAfter>
        <li>UnlimitedHugs.HugsLib</li>
		<li>Dubwise.DubsMintMenus</li>
    </loadAfter>
</ModMetaData>
